--
-- PostgreSQL database dump
--

-- Dumped from database version 9.6.2
-- Dumped by pg_dump version 9.6.2

SET statement_timeout = 0;
SET lock_timeout = 0;
SET idle_in_transaction_session_timeout = 0;
SET client_encoding = 'UTF8';
SET standard_conforming_strings = on;
SET check_function_bodies = false;
SET client_min_messages = warning;
SET row_security = off;

DROP DATABASE IF EXISTS "LaptopShop";
--
-- Name: LaptopShop; Type: DATABASE; Schema: -; Owner: postgres
--

CREATE DATABASE "LaptopShop" WITH TEMPLATE = template0 ENCODING = 'UTF8' LC_COLLATE = 'Russian_Russia.1251' LC_CTYPE = 'Russian_Russia.1251';


ALTER DATABASE "LaptopShop" OWNER TO postgres;

\connect "LaptopShop"

SET statement_timeout = 0;
SET lock_timeout = 0;
SET idle_in_transaction_session_timeout = 0;
SET client_encoding = 'UTF8';
SET standard_conforming_strings = on;
SET check_function_bodies = false;
SET client_min_messages = warning;
SET row_security = off;

--
-- Name: plpgsql; Type: EXTENSION; Schema: -; Owner: 
--

CREATE EXTENSION IF NOT EXISTS plpgsql WITH SCHEMA pg_catalog;


--
-- Name: EXTENSION plpgsql; Type: COMMENT; Schema: -; Owner: 
--

COMMENT ON EXTENSION plpgsql IS 'PL/pgSQL procedural language';


SET search_path = public, pg_catalog;

SET default_tablespace = '';

SET default_with_oids = false;

--
-- Name: BRAND; Type: TABLE; Schema: public; Owner: postgres
--

CREATE TABLE "BRAND" (
    id bigint NOT NULL,
    brand_name text NOT NULL
);


ALTER TABLE "BRAND" OWNER TO postgres;

--
-- Name: BRAND_id_seq; Type: SEQUENCE; Schema: public; Owner: postgres
--

CREATE SEQUENCE "BRAND_id_seq"
    START WITH 1
    INCREMENT BY 1
    NO MINVALUE
    NO MAXVALUE
    CACHE 1;


ALTER TABLE "BRAND_id_seq" OWNER TO postgres;

--
-- Name: BRAND_id_seq; Type: SEQUENCE OWNED BY; Schema: public; Owner: postgres
--

ALTER SEQUENCE "BRAND_id_seq" OWNED BY "BRAND".id;


--
-- Name: DISPLAY; Type: TABLE; Schema: public; Owner: postgres
--

CREATE TABLE "DISPLAY" (
    id bigint NOT NULL,
    display_size text NOT NULL
);


ALTER TABLE "DISPLAY" OWNER TO postgres;

--
-- Name: DISPLAY_id_seq; Type: SEQUENCE; Schema: public; Owner: postgres
--

CREATE SEQUENCE "DISPLAY_id_seq"
    START WITH 1
    INCREMENT BY 1
    NO MINVALUE
    NO MAXVALUE
    CACHE 1;


ALTER TABLE "DISPLAY_id_seq" OWNER TO postgres;

--
-- Name: DISPLAY_id_seq; Type: SEQUENCE OWNED BY; Schema: public; Owner: postgres
--

ALTER SEQUENCE "DISPLAY_id_seq" OWNED BY "DISPLAY".id;


--
-- Name: PROCESSOR; Type: TABLE; Schema: public; Owner: postgres
--

CREATE TABLE "PROCESSOR" (
    id bigint NOT NULL,
    proc_name text NOT NULL
);


ALTER TABLE "PROCESSOR" OWNER TO postgres;

--
-- Name: PROCESSOR_TYPE_id_seq; Type: SEQUENCE; Schema: public; Owner: postgres
--

CREATE SEQUENCE "PROCESSOR_TYPE_id_seq"
    START WITH 1
    INCREMENT BY 1
    NO MINVALUE
    NO MAXVALUE
    CACHE 1;


ALTER TABLE "PROCESSOR_TYPE_id_seq" OWNER TO postgres;

--
-- Name: PROCESSOR_TYPE_id_seq; Type: SEQUENCE OWNED BY; Schema: public; Owner: postgres
--

ALTER SEQUENCE "PROCESSOR_TYPE_id_seq" OWNED BY "PROCESSOR".id;


--
-- Name: PRODUCT; Type: TABLE; Schema: public; Owner: postgres
--

CREATE TABLE "PRODUCT" (
    id bigint NOT NULL,
    brand_id bigint NOT NULL,
    ram_id bigint NOT NULL,
    processor_type_id bigint NOT NULL,
    display_id bigint NOT NULL
);


ALTER TABLE "PRODUCT" OWNER TO postgres;

--
-- Name: PRODUCT_id_seq; Type: SEQUENCE; Schema: public; Owner: postgres
--

CREATE SEQUENCE "PRODUCT_id_seq"
    START WITH 1
    INCREMENT BY 1
    NO MINVALUE
    NO MAXVALUE
    CACHE 1;


ALTER TABLE "PRODUCT_id_seq" OWNER TO postgres;

--
-- Name: PRODUCT_id_seq; Type: SEQUENCE OWNED BY; Schema: public; Owner: postgres
--

ALTER SEQUENCE "PRODUCT_id_seq" OWNED BY "PRODUCT".id;


--
-- Name: RAM; Type: TABLE; Schema: public; Owner: postgres
--

CREATE TABLE "RAM" (
    id bigint NOT NULL,
    ram_size text NOT NULL
);


ALTER TABLE "RAM" OWNER TO postgres;

--
-- Name: RAM_id_seq; Type: SEQUENCE; Schema: public; Owner: postgres
--

CREATE SEQUENCE "RAM_id_seq"
    START WITH 1
    INCREMENT BY 1
    NO MINVALUE
    NO MAXVALUE
    CACHE 1;


ALTER TABLE "RAM_id_seq" OWNER TO postgres;

--
-- Name: RAM_id_seq; Type: SEQUENCE OWNED BY; Schema: public; Owner: postgres
--

ALTER SEQUENCE "RAM_id_seq" OWNED BY "RAM".id;


--
-- Name: ROLE; Type: TABLE; Schema: public; Owner: postgres
--

CREATE TABLE "ROLE" (
    id bigint NOT NULL,
    user_role text NOT NULL
);


ALTER TABLE "ROLE" OWNER TO postgres;

--
-- Name: ROLE_id_seq; Type: SEQUENCE; Schema: public; Owner: postgres
--

CREATE SEQUENCE "ROLE_id_seq"
    START WITH 1
    INCREMENT BY 1
    NO MINVALUE
    NO MAXVALUE
    CACHE 1;


ALTER TABLE "ROLE_id_seq" OWNER TO postgres;

--
-- Name: ROLE_id_seq; Type: SEQUENCE OWNED BY; Schema: public; Owner: postgres
--

ALTER SEQUENCE "ROLE_id_seq" OWNED BY "ROLE".id;


--
-- Name: STORAGE; Type: TABLE; Schema: public; Owner: postgres
--

CREATE TABLE "STORAGE" (
    id bigint NOT NULL,
    amount integer NOT NULL,
    price numeric NOT NULL,
    photo text,
    product_id integer NOT NULL
);


ALTER TABLE "STORAGE" OWNER TO postgres;

--
-- Name: STORAGE_id_seq; Type: SEQUENCE; Schema: public; Owner: postgres
--

CREATE SEQUENCE "STORAGE_id_seq"
    START WITH 1
    INCREMENT BY 1
    NO MINVALUE
    NO MAXVALUE
    CACHE 1;


ALTER TABLE "STORAGE_id_seq" OWNER TO postgres;

--
-- Name: STORAGE_id_seq; Type: SEQUENCE OWNED BY; Schema: public; Owner: postgres
--

ALTER SEQUENCE "STORAGE_id_seq" OWNED BY "STORAGE".id;


--
-- Name: USER; Type: TABLE; Schema: public; Owner: postgres
--

CREATE TABLE "USER" (
    id bigint NOT NULL,
    login text NOT NULL,
    password text NOT NULL,
    role_id bigint NOT NULL
);


ALTER TABLE "USER" OWNER TO postgres;

--
-- Name: USER_id_seq; Type: SEQUENCE; Schema: public; Owner: postgres
--

CREATE SEQUENCE "USER_id_seq"
    START WITH 1
    INCREMENT BY 1
    NO MINVALUE
    NO MAXVALUE
    CACHE 1;


ALTER TABLE "USER_id_seq" OWNER TO postgres;

--
-- Name: USER_id_seq; Type: SEQUENCE OWNED BY; Schema: public; Owner: postgres
--

ALTER SEQUENCE "USER_id_seq" OWNED BY "USER".id;


--
-- Name: BRAND id; Type: DEFAULT; Schema: public; Owner: postgres
--

ALTER TABLE ONLY "BRAND" ALTER COLUMN id SET DEFAULT nextval('"BRAND_id_seq"'::regclass);


--
-- Name: DISPLAY id; Type: DEFAULT; Schema: public; Owner: postgres
--

ALTER TABLE ONLY "DISPLAY" ALTER COLUMN id SET DEFAULT nextval('"DISPLAY_id_seq"'::regclass);


--
-- Name: PROCESSOR id; Type: DEFAULT; Schema: public; Owner: postgres
--

ALTER TABLE ONLY "PROCESSOR" ALTER COLUMN id SET DEFAULT nextval('"PROCESSOR_TYPE_id_seq"'::regclass);


--
-- Name: PRODUCT id; Type: DEFAULT; Schema: public; Owner: postgres
--

ALTER TABLE ONLY "PRODUCT" ALTER COLUMN id SET DEFAULT nextval('"PRODUCT_id_seq"'::regclass);


--
-- Name: RAM id; Type: DEFAULT; Schema: public; Owner: postgres
--

ALTER TABLE ONLY "RAM" ALTER COLUMN id SET DEFAULT nextval('"RAM_id_seq"'::regclass);


--
-- Name: ROLE id; Type: DEFAULT; Schema: public; Owner: postgres
--

ALTER TABLE ONLY "ROLE" ALTER COLUMN id SET DEFAULT nextval('"ROLE_id_seq"'::regclass);


--
-- Name: STORAGE id; Type: DEFAULT; Schema: public; Owner: postgres
--

ALTER TABLE ONLY "STORAGE" ALTER COLUMN id SET DEFAULT nextval('"STORAGE_id_seq"'::regclass);


--
-- Name: USER id; Type: DEFAULT; Schema: public; Owner: postgres
--

ALTER TABLE ONLY "USER" ALTER COLUMN id SET DEFAULT nextval('"USER_id_seq"'::regclass);


--
-- Data for Name: BRAND; Type: TABLE DATA; Schema: public; Owner: postgres
--

COPY "BRAND" (id, brand_name) FROM stdin;
1	Asus
2	Acer
3	Apple
4	Hp
5	Dell
6	Lenovo
\.


--
-- Name: BRAND_id_seq; Type: SEQUENCE SET; Schema: public; Owner: postgres
--

SELECT pg_catalog.setval('"BRAND_id_seq"', 6, true);


--
-- Data for Name: DISPLAY; Type: TABLE DATA; Schema: public; Owner: postgres
--

COPY "DISPLAY" (id, display_size) FROM stdin;
2	16 to 16.9 Inches
3	15 to 15.9 Inches
4	14 to 14.9 Inches
5	13 to 13.9 Inches
6	12 to 12.9 Inches
7	11 to 11.9 Inches
1	17 Inches
8	11 Inches
\.


--
-- Name: DISPLAY_id_seq; Type: SEQUENCE SET; Schema: public; Owner: postgres
--

SELECT pg_catalog.setval('"DISPLAY_id_seq"', 8, true);


--
-- Data for Name: PROCESSOR; Type: TABLE DATA; Schema: public; Owner: postgres
--

COPY "PROCESSOR" (id, proc_name) FROM stdin;
1	Intel Celeron
2	Intel Core 2
3	Intel Core i3
4	Intel Core i5
5	Intel Core i7
6	AMD Opteron
7	AMD Phenom
8	AMD Phenom II
9	AMD Sempron
10	AMD Turion
\.


--
-- Name: PROCESSOR_TYPE_id_seq; Type: SEQUENCE SET; Schema: public; Owner: postgres
--

SELECT pg_catalog.setval('"PROCESSOR_TYPE_id_seq"', 10, true);


--
-- Data for Name: PRODUCT; Type: TABLE DATA; Schema: public; Owner: postgres
--

COPY "PRODUCT" (id, brand_id, ram_id, processor_type_id, display_id) FROM stdin;
1	5	8	3	3
2	6	4	10	2
3	2	9	4	4
4	3	5	5	5
5	1	7	2	1
6	5	3	1	6
7	3	1	6	7
8	4	2	7	3
9	5	3	8	8
10	6	4	9	2
\.


--
-- Name: PRODUCT_id_seq; Type: SEQUENCE SET; Schema: public; Owner: postgres
--

SELECT pg_catalog.setval('"PRODUCT_id_seq"', 10, true);


--
-- Data for Name: RAM; Type: TABLE DATA; Schema: public; Owner: postgres
--

COPY "RAM" (id, ram_size) FROM stdin;
2	32 GB
3	24 GB
4	16 GB
5	12 GB
6	8 GB
7	6 GB
8	4 GB
9	3 GB
1	64 GB
10	2 GB
\.


--
-- Name: RAM_id_seq; Type: SEQUENCE SET; Schema: public; Owner: postgres
--

SELECT pg_catalog.setval('"RAM_id_seq"', 10, true);


--
-- Data for Name: ROLE; Type: TABLE DATA; Schema: public; Owner: postgres
--

COPY "ROLE" (id, user_role) FROM stdin;
1	CUSTOMER
2	ADMIN
\.


--
-- Name: ROLE_id_seq; Type: SEQUENCE SET; Schema: public; Owner: postgres
--

SELECT pg_catalog.setval('"ROLE_id_seq"', 2, true);


--
-- Data for Name: STORAGE; Type: TABLE DATA; Schema: public; Owner: postgres
--

COPY "STORAGE" (id, amount, price, photo, product_id) FROM stdin;
1	10	5000	\N	1
\.


--
-- Name: STORAGE_id_seq; Type: SEQUENCE SET; Schema: public; Owner: postgres
--

SELECT pg_catalog.setval('"STORAGE_id_seq"', 1, true);


--
-- Data for Name: USER; Type: TABLE DATA; Schema: public; Owner: postgres
--

COPY "USER" (id, login, password, role_id) FROM stdin;
1	john12	qwerty	1
2	admin	superadmin	2
3	billy	123billy	1
\.


--
-- Name: USER_id_seq; Type: SEQUENCE SET; Schema: public; Owner: postgres
--

SELECT pg_catalog.setval('"USER_id_seq"', 3, true);


--
-- Name: BRAND BRAND_pkey; Type: CONSTRAINT; Schema: public; Owner: postgres
--

ALTER TABLE ONLY "BRAND"
    ADD CONSTRAINT "BRAND_pkey" PRIMARY KEY (id);


--
-- Name: DISPLAY DISPLAY_pkey; Type: CONSTRAINT; Schema: public; Owner: postgres
--

ALTER TABLE ONLY "DISPLAY"
    ADD CONSTRAINT "DISPLAY_pkey" PRIMARY KEY (id);


--
-- Name: PROCESSOR PROCESSOR_TYPE_pkey; Type: CONSTRAINT; Schema: public; Owner: postgres
--

ALTER TABLE ONLY "PROCESSOR"
    ADD CONSTRAINT "PROCESSOR_TYPE_pkey" PRIMARY KEY (id);


--
-- Name: PRODUCT PRODUCT_pkey; Type: CONSTRAINT; Schema: public; Owner: postgres
--

ALTER TABLE ONLY "PRODUCT"
    ADD CONSTRAINT "PRODUCT_pkey" PRIMARY KEY (id);


--
-- Name: RAM RAM_pkey; Type: CONSTRAINT; Schema: public; Owner: postgres
--

ALTER TABLE ONLY "RAM"
    ADD CONSTRAINT "RAM_pkey" PRIMARY KEY (id);


--
-- Name: ROLE ROLE_pkey; Type: CONSTRAINT; Schema: public; Owner: postgres
--

ALTER TABLE ONLY "ROLE"
    ADD CONSTRAINT "ROLE_pkey" PRIMARY KEY (id);


--
-- Name: STORAGE STORAGE_pkey; Type: CONSTRAINT; Schema: public; Owner: postgres
--

ALTER TABLE ONLY "STORAGE"
    ADD CONSTRAINT "STORAGE_pkey" PRIMARY KEY (id);


--
-- Name: STORAGE STORAGE_product_id_key1; Type: CONSTRAINT; Schema: public; Owner: postgres
--

ALTER TABLE ONLY "STORAGE"
    ADD CONSTRAINT "STORAGE_product_id_key1" UNIQUE (product_id);


--
-- Name: USER USER_pkey; Type: CONSTRAINT; Schema: public; Owner: postgres
--

ALTER TABLE ONLY "USER"
    ADD CONSTRAINT "USER_pkey" PRIMARY KEY (id);


--
-- Name: fk; Type: INDEX; Schema: public; Owner: postgres
--

CREATE INDEX fk ON "USER" USING btree (role_id);


--
-- Name: fkey; Type: INDEX; Schema: public; Owner: postgres
--

CREATE INDEX fkey ON "PRODUCT" USING btree (brand_id);


--
-- Name: PRODUCT PRODUCT_brand_id_fkey; Type: FK CONSTRAINT; Schema: public; Owner: postgres
--

ALTER TABLE ONLY "PRODUCT"
    ADD CONSTRAINT "PRODUCT_brand_id_fkey" FOREIGN KEY (brand_id) REFERENCES "BRAND"(id);


--
-- Name: PRODUCT PRODUCT_display_id_fkey; Type: FK CONSTRAINT; Schema: public; Owner: postgres
--

ALTER TABLE ONLY "PRODUCT"
    ADD CONSTRAINT "PRODUCT_display_id_fkey" FOREIGN KEY (display_id) REFERENCES "DISPLAY"(id);


--
-- Name: PRODUCT PRODUCT_processor_type_id_fkey; Type: FK CONSTRAINT; Schema: public; Owner: postgres
--

ALTER TABLE ONLY "PRODUCT"
    ADD CONSTRAINT "PRODUCT_processor_type_id_fkey" FOREIGN KEY (processor_type_id) REFERENCES "PROCESSOR"(id);


--
-- Name: PRODUCT PRODUCT_ram_id_fkey; Type: FK CONSTRAINT; Schema: public; Owner: postgres
--

ALTER TABLE ONLY "PRODUCT"
    ADD CONSTRAINT "PRODUCT_ram_id_fkey" FOREIGN KEY (ram_id) REFERENCES "RAM"(id);


--
-- Name: STORAGE STORAGE_product_id_fkey; Type: FK CONSTRAINT; Schema: public; Owner: postgres
--

ALTER TABLE ONLY "STORAGE"
    ADD CONSTRAINT "STORAGE_product_id_fkey" FOREIGN KEY (product_id) REFERENCES "PRODUCT"(id);


--
-- Name: USER USER_role_id_fkey; Type: FK CONSTRAINT; Schema: public; Owner: postgres
--

ALTER TABLE ONLY "USER"
    ADD CONSTRAINT "USER_role_id_fkey" FOREIGN KEY (role_id) REFERENCES "ROLE"(id);


--
-- PostgreSQL database dump complete
--

